<?xml version="1.0" encoding="UTF-8"?>
<beans xmlns="http://www.springframework.org/schema/beans"
	xmlns:xsi="http://www.w3.org/2001/XMLSchema-instance" xmlns:context="http://www.springframework.org/schema/context"
	xmlns:mvc="http://www.springframework.org/schema/mvc" xmlns:security="http://www.springframework.org/schema/security"
	xsi:schemaLocation="http://www.springframework.org/schema/mvc http://www.springframework.org/schema/mvc/spring-mvc.xsd
		http://www.springframework.org/schema/security http://www.springframework.org/schema/security/spring-security.xsd
		http://www.springframework.org/schema/beans http://www.springframework.org/schema/beans/spring-beans.xsd
		http://www.springframework.org/schema/context http://www.springframework.org/schema/context/spring-context.xsd">

	<security:global-method-security
		pre-post-annotations="enabled" />
	<security:http use-expressions="true">
		<security:intercept-url pattern="/users/**"
			access="hasRole('ROLE_ADMIN')" />
		<security:intercept-url pattern="/useredit/**"
			access="hasAnyRole('ROLE_ADMIN','ROLE_CUSTOMER')" />
		<security:intercept-url pattern="/account"
			access="hasAnyRole('ROLE_ADMIN','ROLE_CUSTOMER')" />
			<!-- <security:intercept-url pattern="/addShoppingCart/**"
			access="hasAnyRole('ROLE_ADMIN','ROLE_CUSTOMER')" /> -->

		<security:form-login login-page="/login"
			login-processing-url="/postLogin" username-parameter="username"
			password-parameter="password" default-target-url="/index"
			always-use-default-target="true" authentication-failure-url="/loginFailed" />
		<security:logout logout-success-url="/logout"
			delete-cookies="JSESSIONID" logout-url="/doLogout" />
		<security:remember-me data-source-ref="dataSource"
			token-validity-seconds="86400" remember-me-parameter="keepMe" />
	</security:http>
	<bean id="encoder"
		class="org.springframework.security.crypto.bcrypt.BCryptPasswordEncoder">
		<constructor-arg value="12"></constructor-arg>
	</bean>
	<security:authentication-manager>
		<security:authentication-provider>
			<security:password-encoder ref="encoder" />
			<!-- <security:user-service> <security:user name="admin" password="admin" 
				authorities="ROLE_ADMIN"/> </security:user-service> -->
			<security:jdbc-user-service
				data-source-ref="dataSource"
				users-by-username-query="select username,password,enabled from user where username=?"
				authorities-by-username-query="select u1.username, u1.hasRole from user u1 where u1.username =?" />
		</security:authentication-provider>

	</security:authentication-manager>
</beans>
